Word書類の余白が空きすぎてカッコ悪いときに調整する方法【知っ得・虎の巻】	Wordで書類を作ったものの、余白が大きくてカッコ悪く感じることがある。あるいは、数行だけ次のページにはみ出してしまうという場合、余白を調整して1枚に収めてみよう。■知っ得No.274　ページの余白を手早く調整するページの余白を調整するだけで、書類の印象はガラリと変わる。また、数行だけ2ページ目にはみ出している書類なら、余白を狭くすることで、用紙1枚に収めることができる。余白を調整する方法を見てみよう。●余白を狭くして1ページに収める余白の設定は、ページレイアウトから行う。設定方法は、［やや狭い］や［狭い］など感覚的なメニューから選ぶことができる（画面2）。 画面1　A4の用紙で文書を作成。余白が大きく数行はみ出してしまい、見栄えが悪い。  画面2　［ページレイアウト］タブをクリックして切り替え、［ページ設定］の［余白］−［やや狭い］をクリックする。 余白が狭くなり、A4用紙1枚にキレイに収まった（画面3）。なお、［やや狭い］では1枚に収まらなかった場合は、［狭い］を選んでみよう。 画面3　ページの見栄えが変わった。さらに、はみ出した行が、1ページ目に収まった。 数行だけ2ページ目にはみ出している文書より、用紙1枚に収めたほうが見栄えが良くスッキリするし、用紙の節約にもなる。しかし、文字を削って調整するのはけっこう手間がかかるし、どうしても削れない内容もある。そんなときにも、余白を狭くしてページに収まるように調整してみよう。編集部：池田利夫＋大西淳子（ジャムハウス）制作編集：エヌプラスCopyright 2012 livedoor. All rights reserved.■PC便利技が満載！「知っ得！虎の巻」ブログ■の記事をもっとみる・Excelの新規ファイルにムダなシートを作らない・ウェブページのイメージを丸ごと取り込むワザ・Excel表の必要な範囲を手早く確実に選択する・メールに添付する画像サイズを簡単に変更する方法・Wordのちょっとした区切り線をキーボードだけで引くテクニック	it-life-hack
美しさが際立つ新Xperiaが発売へ！ドコモ、Xperia NX SO-02Dが凄い	ドコモは、グローバルフラッグシップモデルにふさわしいシンプルなフォルムのデザインと、透明素材「Floating Prism」をアクセントにした美しさが際立つ4.3インチHD液晶を搭載したスマートフォン「docomo NEXT series Xperia NX SO-02D」を2012年2月24日より発売すると発表した。「Xperia NX SO-02D」は、ハイスペック&エンタテインメント機能が充実したスマートフォンだ。高性能のCPU搭載により、HD動画やグラフィカルなWebサイトなどのリッチなコンテンツをサクサク軽快に閲覧できる。グローバルフラッグシップモデルにふさわしいデザインと美しさが際立つ4.3インチHD液晶を備える。ボディのクリアな“Floating Prism（フローティングプリズム）”は、着信時や操作時にLEDの静かな輝きを放ち、3つのアイコンが浮かび上がる仕様だ。解像感の高い写真撮影、撮影スピードも劇的に進化した高感度カメラであり、有効約1210万画素のソニー製裏面照射型CMOSセンサー“Exmor R for mobile”と、ソニー・エリクソン独自の画像エンジンを搭載した。■「docomo NEXT series Xperia NX SO-02D」製品情報■ドコモ■ドコモに関連した記事をもっと見る・ドコモ7.8mmの有機ELスマホ開発！スリムボディのスマートフォン「docomo NEXT series P-04D」・ついに発売日が決定！ドコモのディズニースマホ「F-08D」の魅力をさぐる・発売前に実機をチェック！ソニー・エリクソン、「Xperia NX SO-02D」を先行展示・ドコモ、4機種の機能バージョンアップを実施Transcend SDHCカード 16GB Class10 永久保証 [フラストレーションフリーパッケージ (FFP)] TS16GSDHC10Eトランセンド・ジャパン販売元：Amazon.co.jpクチコミを見る	it-life-hack
ドコモ7.8mmの有機ELスマホ開発！スリムボディのスマートフォン「docomo NEXT series P-04D」	ドコモは2012年2月20日、防水・防塵に対応し、鮮やかで美しい有機ELディスプレイを搭載したスリムボディスマートフォン「docomo NEXT series P-04D」を開発したことをあきらかにした。「docomo NEXT series P-04D」は、スリムボディのスマートフォンだ。胸ポケットにすっきり収まる薄さ約7．8mm、約103gのスリムで軽量なボディを実現した。この薄さを実現しながら防水・防塵に対応し、約4.3インチの QHD有機ELディスプレイで映像やサイト閲覧も明るく鮮やかに楽しめる。さらに、セキュリティ機能も充実。ビジネスシーンでもプライベートでも活用できるスマートフォンです。■製品情報■ドコモ■ドコモに関連した記事をもっと見る・ついに発売日が決定！ドコモのディズニースマホ「F-08D」の魅力をさぐる・発売前に実機をチェック！ソニー・エリクソン、「Xperia NX SO-02D」を先行展示・ドコモ、4機種の機能バージョンアップを実施・ついに発売日へ！Xi対応の対応防水大画面スマートフォン「MEDIAS LTE N-04D」の魅力Transcend SDHCカード 16GB Class10 永久保証 [フラストレーションフリーパッケージ (FFP)] TS16GSDHC10Eトランセンド・ジャパン販売元：Amazon.co.jpクチコミを見る	it-life-hack
ウェブページのイメージを丸ごと取り込むワザ【知っ得・虎の巻】	会社概要に自社ウェブページのイメージを貼り付けたいとか、ブログページのイメージを丸ごと保存したいということがある。けれど、縦に長いウェブページの画面キャプチャを撮るのは面倒だ。スクロールしながらキャプチャして後でつなぎ合わせるのは手間がかかる。そんなときには、ページ全体をワンクリックでキャプチャできるツールを利用してみよう。■知っ得No.272　SnapCrab for IEでウェブページを丸ごと保存するフェンリル株式会社が無料で提供する「SnapCrab for IE」は、Internet Explorerのアドオンとして動作する。SnapCrab for IEを導入すれば、表示しているウェブページのイメージをワンクリックで取り込めるようになる。・ソフト名：SnapCrab for IE・作成者：フェンリル・入手先：http://www.fenrir-inc.com/jp/snapcrab/plugin.html・対応環境：Windows XP／Vista／7●ワンクリックするだけで保存SnapCrab for IEをインストールすると、Internet Explorerにツールバーが追加される。ここに表示されるアイコンから、各操作を行う。ウェブページのイメージを丸ごと画像にして保存したいなら、［ウェブページ全体をキャプチャ］ボタンをクリックするだけだ（画面1）。これだけで、縦に長いウェブページも丸ごと保存される（画面2）。 画面1　SnapCrab for IEをインストール。ウェブページを表示したら、［ウェブページ全体をキャプチャ］ボタンをクリックする。  画面2　縦に長いウェブページが丸ごと画像として保存された。 ツールバーのボタンは、他にも用意されている。［ウェブページの表示領域をキャプチャ］をクリックすれば、ウィンドウに表示中の領域のみキャプチャできる。［ウェブページの指定範囲をキャプチャ］をクリックすると、マウスで指定した範囲だけキャプチャできる。［設定］ボタンをクリックすると、保存先やファイル名の入力方法も設定可能だ。画像の用途に応じた使い方をしてみよう。編集部：池田利夫＋岡本奈知子（ジャムハウス）制作編集：エヌプラスCopyright 2012 livedoor. All rights reserved.■PC便利技が満載！「知っ得！虎の巻」ブログ■の記事をもっとみる・Excel表の必要な範囲を手早く確実に選択する・メールに添付する画像サイズを簡単に変更する方法・Wordのちょっとした区切り線をキーボードだけで引くテクニック・フォルダーの中身を見られたくないときにエクスプローラーを素早く閉じる・iPhoneのバッテリー状況を正確に把握するには？【エプソン純正インク】インクカートリッジ 6色セット IC6CL50エプソン販売元：Amazon.co.jpクチコミを見る	it-life-hack
今もっとも注目の「Ultrabook」が20台貰えるレビューアー募集！活用サイト「Ultrabooker.jp」がオープン記念	スマートフォンやタブレットに押されているパソコンだが、注目されている製品もある。それが、薄型・軽量で携帯性にも優れている高性能ノートPC「Ultrabook(TM)」だ。薄型ノートPCというと、アップルのMacBook Airをイメージする人もいると思うが、「Ultrabook(TM)」は薄型ノートPCといってもMacBook Airとは異なり、PCメーカー各社が規格に準じて製品を開発、発売される製品である。iPhoneとAndroidの関係にも似ているかもしれない。とはいえ、この「Ultrabook(TM)」、すでに各メーカーから発表・発売もされており、製品毎にどんな特徴があるのかが、わからない人も多いというのが実状だ。また「Ultrabook(TM)」に興味があっても、「Ultrabook(TM)」の活用シーンが思い浮かばない人もいる多い。「Ultrabook(TM)」は、高性能かつ低価格となり、PCに詳しい人には注目されているのだが、何故か専用サイトや情報サイトの乱立もなった。「Ultrabook(TM)」に興味がある人にとっては情報を集めにくい状況がこれまで続いていたわけだが、そうした人に役立つコンテンツがようやくオープンした。ソーシャルレビューコミュニティ「zigsow（ジグソー）」は、タブレット端末キラーともいえる「Ultrabook(TM)」の専門コンテンツ「Ultrabooker.jp」を2012年2月22日よりスタートした。※Ultrabook(TM)は、アメリカ合衆国およびその他の国におけるIntel Corporation の商標です。■「Ultrabooker.jp」って、なに？「Ultrabooker.jp」は、今一番注目のノートPCであるUltrabook(TM)の専門コンテンツだ。各社が発売しているUltrabook(TM)の製品紹介をはじめ、関連製品やおすすめアイテムなども幅広く紹介されるサイトだ。最大の特徴は、ユーザーによる使い勝手や使用感、持ち歩いた感想など、実際に製品を使ったユーザーによる信頼性の高いレビューだ。定期的に更新される特集では、「how to use」をテーマに、個人ユースはもとより企業などの業種や業務に合った利用シーンや活用方法も提案される。ビジネス利用だけでなく、写真撮影やソーシャルネットワークの利用、ゲーム、音楽・動画など、エンタテイメントやモバイルでの便利な使い方なども紹介するというから、Ultrabook(TM)ユーザーにはチェックしておきたいコンテンツと言えるだろう。 Ultrabook(TM)の活用事例がわかる「Ultrabook(TM).jp」 ■Ultrabook(TM)ユーザーになれる大チャンスコストパフォーマンスが非常に高い「Ultrabook(TM)」だが、いざ購入となると決誰しも悩むところだ。そんな人は、この「Ultrabooker.jp」で募集しているレビューアーに応募してみてはいかがだろうか。「Ultrabooker.jp」では、4社各5台（計20台）の「Ultrabook(TM)」のレビューアーを募集しているのだ。レビューアーになれば、実際に使えるだけでなく、使用感や利用シーンなどのレポートと引き替えに製品を無料で貰えるのだ。Ultrabook(TM)ユーザーや、これから「Ultrabook(TM)」が欲しいと考えている人は、Ultrabook(TM)のすべてがわかる新コンテンツ「Ultrabooker.jp」をのぞいてみては如何だろうか。■Ultrabooker.jp■zigsow■【最新口コミ モノ・トレンド zigsow】の記事をもっと見る・USB機器を家族で使える！無線LAN対応USBデバイスサーバー「WN-DS/US」のレビューアーを募集・ネットで気軽にフォトブックの編集注文ができる！「ドリームページ」のレビューアーを30名募集・Macでテレビが見られる！地デジ対応テレビキャプチャー「m2TV」のレビューアーを10名募集・FPSゲームに最適な24型ディスプレイ！「BenQ XL2420T」のレビューアーを募集開始	it-life-hack
周波数の単位に関係あり！Googleロゴが波のアニメの理由	「今日はバレンタインデー！Googleロゴが素敵なドラマを展開」で紹介したように、Googleはたまにトップページのロゴを変える。今、Googleにアクセスすると、トップページのGoogleロゴが変わっているのに気づくだろう。Googleロゴを見ていると、オシロスコープの波形のようなものがアニメーションで表示される。クリックすると、「ハインリヒ ヘルツ」という言葉が検索される。今日（2月22日）は、ハインリヒ・ルドルフ・ヘルツ氏の誕生日だからだ。ハインリヒ・ルドルフ・ヘルツ氏は、ドイツの物理学者だ。マックスウェル氏の電磁気理論をさらに明確化し発展させた。1888年に電磁波の放射の存在を、それを生成・検出する機械の構築によって初めて実証した。彼の名前は、周波数を示すSI単位であるヘルツに採用された。Googleロゴのアニメーションは、周波数の波をあらわしたものだったのだ。興味を持った人は、インターネットで検索してみては如何だろうか。■Google■Googleに関連した記事をもっと見る・今日はバレンタインデー！Googleロゴが素敵なドラマを展開・今日はそういう日だったのか！Googleロゴが屏風である理由・お洒落な雰囲気にビックリ！Googleロゴが英国風である理由・今日はそういう日だったのか！Googleロゴが映画の名場面な理由できるポケット Google スマートに使いこなす基本＆活用ワザ 180 ［グーグルの便利ワザ160 改訂新版］著者：渥美 祐輔インプレスジャパン(2011-09-26)販売元：Amazon.co.jpクチコミを見る	it-life-hack
米テレビ番組がiPhone工場に潜入！【役立つセキュリティ】	「Foxconn」と聞いてピンと来る人はあまりいないかもしれません。同企業は、iPad、iPhone、Kindle、PlayStation 3、Wii、Xbox 360… といった色々な人気端末を製造する企業です。このたび、その企業の工場内部を見学する特別番組が放映され、注目を集めています。これは、米国のニュース番組「Nightline」が、ABCネットワークで今夜、特別番組と銘打ったもので、その中で、「Nightline」の共同アンカーBill Weirが、Foxconnの工場を見学するそうです。同氏による中国の "Apple工場" 訪問は、ひとつには高まる消費者圧力に起因していると見られています。数週間前、「Public Radio International」が制作した「This American Life」が、モノロジストMike Daiseyによる「The agony and the ecstasy of Steve Jobs（スティーブ・ジョブズの苦痛と恍惚）」の一部を放送しました。このストーリー中、Appleの熱狂的ファンを自称するDaiseyは、自分も使用するiPhoneが作られている場所を見るため、中国へ・・・。ここで、話を聞くことができる。「Mr. Daisey and the Apple Factory」の放送後、「change.org」や「sumofus.org」といった社会運動家のグループが "良心的な" iPhoneを作成するようAppleに求める陳情を計画しました。これらのグループは先頃、ニューヨークにあるApple本店に25万以上の署名を提出しているそうです。そして現在、「Foxconn」は「Nikeモーメント」（1990年代のNikeのPRトラブルへの言及）に至り、そのニュース番組「Nightline」の透明性を高めるため、「Nightline」を同社施設へと招くことになったというわけです。…続きを読む■本当に役立つセキュリティの記事をもっとみる・Macの次期OS「Mountain Lion」の真の狙いとは？・ハッカー集団「Anonymous」がFBIの電話会議をリーク・Amazonのクラウドを悪用したFacebook詐欺・ハッカーがポーランド政府を攻撃・ネットを騒がすSOPAってなに？エフセキュア インターネットセキュリティ 2012 3PC 3年版エフセキュア(2011-11-07)販売元：Amazon.co.jpクチコミを見る	it-life-hack
忘れそうになってた！孫社長の格言的な言葉が話題	ソフトバンクグループの代表 孫正義氏は、Twitterを通じて活発な発言をしている。そんな同氏の格言的な発言がネットで話題となっている。それは、突然のつぶやきから始まった。孫社長は、「己の限界は己の考え方が決めてしまうものである。」と、つぶやいた。このつぶやきに対して、下記のコメントが寄せられている。「いつも応援いたします」「そして、考え方って誰に出逢うか。によって変わりますよね。」「今の日本人が気にしなくなってきた事かな。」「そうだなー、考えるのさえ止めてるってのもかっこ悪いぜ。ヒップホップも生きるスタイルなんだ。」「忘れそうになってた。ありがと。 」「ですねぇ。」「その通りだ！自戒を込めて！」「そんなことあるわけない。こういう平和な限界論は、いい加減、止めて欲しい。」「孫正義うーん孫さんの言う通りだな。限界決めずに突っ走るしかない、2，3月はｗ　限界突破」「僕は自分の限界は自分で決めません。自分は無限の可能性があると信じてますから！自分が自分の一番の理解者だから。」「同意」様々な意見が寄せられている。■孫正義 (masason) on Twitter■孫社長に関連した記事をもっと見る・豪快な笑いって大好き！孫社長の人生は楽しい発言が話題・夢を捨てて何の為の人生だ！孫社長の人生論に共感の嵐・好き嫌いはアートなのか！孫社長の格言的な言葉に賛否両論・都心では今後4年で百倍の情報量！孫社長の危機発言がネットで話題・おっしゃる通りです！孫社長 原発事故の危機発言が話題孫正義 奇跡のプレゼン　人を動かす23の法則著者：三木 雄信ソフトバンククリエイティブ(2011-12-01)販売元：Amazon.co.jpクチコミを見る	it-life-hack
Excelの新規ファイルにムダなシートを作らない【知っ得・虎の巻】	Excelの初期設定では、Sheet1〜Sheet3の、3枚のシートが作られる。けれど、見積書や請求書など、ふだん扱う書類では1枚のシートさえあれば済むことが多い。余計なシートを付けたまま提出すると、次のシートにも記述があると思われるかもしれない。けれど、ムダなシートを毎回削除するのは面倒だ。最初から1枚のシートだけ作る設定にしてしまおう。■知っ得No.273　新規ブックのシート数を1枚にするExcelでは、新規ブック（新規ファイル）を開く際に作られるシートの数をあらかじめ決めておくことができる。初期設定のシート数は3枚だが、不要なら1枚にしておこう。●Excelのオプションでシート数を設定設定は、Excelのオプションから行う。［Excelのオプション］ダイアログボックスを開いたら、［基本設定］の［ブックのシート数］を「1」にしておこう（画面1）。 画面1　［ファイル］メニューから［オプション］を開いたら、［基本設定］を選択。［ブックのシート数］を「1」にする。 以降、Excelの起動直後、あるいは新規ファイルの作成時には、シートが1枚ずつしか作られない（画面2）。 画面2　新規ファイルには「Sheet1」のみ表示される。 これで、ムダなシートがあることを気にしたり、削除したりする手間はなくなる。もしシートを追加する必要があるなら、［ワークシートの追加］タブをクリックするか、［Shift］+［F11］キーを押して追加できる。編集部：池田利夫＋岡本奈知子（ジャムハウス）制作編集：エヌプラスCopyright 2012 livedoor. All rights reserved.■PC便利技が満載！「知っ得！虎の巻」ブログ■の記事をもっとみる・ウェブページのイメージを丸ごと取り込むワザ・Excel表の必要な範囲を手早く確実に選択する・メールに添付する画像サイズを簡単に変更する方法・Wordのちょっとした区切り線をキーボードだけで引くテクニック・フォルダーの中身を見られたくないときにエクスプローラーを素早く閉じる	it-life-hack
知らない人は宝の持ち腐れ！隠し機能を利用できる神アプリを解説 - Mac必須アプリ (4)【デジ通】	Macは、ユーザーに対して「使いやすい」ことを徹底して意識して設計されている。そのため、ユーザーが「知る必要がない」（とアップルが判断した）ファイルやフォルダは隠され、標準の設定では見ることができない。機能面に似たようなもので、設定を変えれば使える多くのカスタマイズ機能が、ユーザーからは利用できないようになっている。今回は、たくさんの「隠し機能」を利用するためのソフトを紹介する。■どのようなカスタマイズが可能か「隠し機能」にはどのようなものがあるだろうか。いくつかをあげると、Dock（Macのアプリケーション・ランチャー）のデザインを2Dにする、スクリーンショットファイルの形式を変更する、不可視ファイルを表示する、Finderを終了できるようにするなどだ。「利用できない」と書いたが、実は、これらの「隠し機能」は、コマンド操作で使えるようになっている。OSとしてのMacの中心部分はUNIX互換であり、コマンド操作によって設定ファイルを書き換えることで、カスタマイズができるようになっているのだ。たとえば、不可視ファイルを見えるようにするには、［アプリケーション］の［ユーティリティ］にある［ターミナル」を起動し、「defaults write com.apple.finder AppleShowAllFiles -bool YES」と入力する。このような面倒な文字列入力によらず、簡単にカスタマイズを行うためのソフトがある。■初心者にすすめたい「TinkerTool」お試し的に「隠し機能」を利用したいユーザーには、「TinkerTool」をおすすめする。日本語対応済みのフリーウェアで、最新バージョンは4.71。利用できるようになる機能は、すでにあげたもののほか、フォルダのスクロール矢印の配置変更、なめらかに表示するフォントのポイント数の変更など。アップル製の一部アプリのカスタマイズもでき、iTunesで楽曲へのレート付けに星半分単位を使えるようにする、Safari（Webブラウザ）履歴メニューの表示件数の増減なども可能だ。■「Depper」でもう少しカスタマイズもう一つ紹介する「Depper」もフリーソフトで、最新バージョンは1.4.4。TinkerToolとほぼ同様の機能が使えるほか、ログイン画面の背景変更や特定のメッセージ表示、画面共有のカスタマイズ、検索機能Spotlightのアイコンの非表示、Safariでのキャッシュオフやシングルウインドウモードなどが利用できるなど、TinkerTool以上の機能をもっている。Depperはパスワードを入力しないと起動できないなど、他のユーザーによる勝手な設定変更ができないようにもなっている。それぞれの意味さえ理解できれば、TinkerToolよりも楽しめることだろう。これらのソフトを使うと、Macの「隠し機能」の多さに驚かされる。ちょっとした使いごなしを便利にしてくれる場合もあるので、一度、試してみてほしい。■TinkerTool（英語）■Maintenance / Deeper（英語）大島克彦＠katsuosh［digi2（デジ通）］digi2は「デジタル通」の略です。現在のデジタル機器は使いこなしが難しくなっています。皆さんがデジタル機器の「通」に近づくための情報を、皆さんよりすこし通な執筆陣が提供します。■ITライフハックTwitter■デジ通の記事をもっと見る・プレミアムなUltrabookが登場！ガラスを多用したノートパソコン・高品質なレッツノートの工場！開発現場並みの検査施設・サービス終了後はどうなる！電子書籍は永遠に読めるのか・インテル SSD 520をMacに装着！旧式Macはどれほど高速化するのか (上)【キヤノン純正インク】キャノンインクタンク 5色マルチパック BCI-321+320/5MPキヤノン販売元：Amazon.co.jpクチコミを見る	it-life-hack
高品質なレッツノートの工場！開発現場並みの検査施設【デジ通】	パソコンの開発や工場を見学した経験はそれほど多くないが、どの会社も開発現場には開発に関係の設備が、工場では生産に関係する設備があるが、レッツノートの工場は開発現場並の検査施設などが用意されている。エレクトロニクス製品のほとんどが中国など海外で生産される時代だが、日本でのパソコンを生産している会社はいくつかある。生産と言っても、定義をどうするかで異なってくるが、最終組み立てなども含めると、パナソニックや富士通、日本HP、NECなどが行っている。その中でも、基盤への部品取り付けから行っている会社はパナソニックや富士通などに限られる。今回、レッツノートSX1/NX1の出荷式に合わせて工場を見学したが、レッツノートの工場内には開発現場にあるような品質検査設備が用意され、品質管理も徹底していることがよくわかる。■タフで高品質なレッツノートの工場レッツノートはタフで長時間駆動ながら高性能などの特徴があり、持ち運びなど負荷のかかる環境でも壊れることがほとんど無いと言われている。実際の製品を使ってみても剛性の高さなどは実感できる。これは、単にタフな設計だけでなく、高品質な国内生産から来ていると言われている。一般的に日本製は品質が高いとされているが、品質管理さえしっかりしていれば、どこの国で生産しようが品質自体は変わらないはずだ。しかし、レッツノートの工場には生産には関係無い落下試験や環境試験、電波暗室など、開発現場にあるような設備が工場内に用意されている。生産現場内にこれらの設備があることで、実際に生産した製品のテストもその場で可能になる。通常、電気的な動作確認は製造時に全数検査されるが、実機でのタフ性能の検査もその場できれば生産現場での意識も高くなり、数字には表れない部分でより高品質な生産ができているのだろう。また、主に国内向けに生産しているレッツノートのカスタマイズなどすべて国内で行えるので、より迅速な納期にも対応できるのが国内生産の最大の利点とも言えるだろう。しかし、レッツノートのカスタマイズと言っても、カスタマイズ項目が多いわけでは無い。新しいレッツノートSX1/NX1ではバッテリーやACアダプターなどの選択肢が増えているので、今後のカスタマイズ項目など、さらなるサービス拡充にも期待したい。 熱や湿度などの様々な環境での動作を検証する環境試験(パナソニック提供)  落下試験(パナソニック提供) ■レッツノートSX1上倉賢 @kamikura [digi2(デジ通)] digi2は「デジタル通」の略です。現在のデジタル機器は使いこなしが難しくなっています。皆さんがデジタル機器の「通」に近づくための情報を、皆さんよりすこし通な執筆陣が提供します。■ITライフハックTwitter■デジ通の記事をもっと見る・サービス終了後はどうなる！電子書籍は永遠に読めるのか・インテル SSD 520をMacに装着！旧式Macはどれほど高速化するのか (上)・OSが変わっても使い勝手は同じ！ハイブリッドPCの今後は？・Macのファイル操作がもっと便利に！Finderの機能をアプリで強化 - Mac必須アプリ (3)【キヤノン純正インク】キャノンインクタンク 5色マルチパック BCI-321+320/5MPキヤノン販売元：Amazon.co.jpクチコミを見る	it-life-hack
脳トレしたい人にオススメ！NumberLink – Sudoku style game【iPhoneでチャンスを掴め】	こんな人におすすめ：頭を使うパズルゲームが好きな人、脳トレしたい人こんな時におすすめ：脳トレしたいとき、王道パズルゲームがしたいときアプリ名：NumberLink – Sudoku style gameカテゴリ：ゲーム価格：無料　（ヒント、追加ゲームは有料）ナンバーリンクという王道パズルゲームです。ルールは簡単。１と１、２と２といった具合におなじ数字を結んでいきます。シンプルですが、頭を使い、できたときスッキリするゲームです。最初は無料ですが、追加ゲームやヒントは有料になります。脳トレしたい人におすすめです。基本ルールは、数字を繋げる線が重なってはいけません。又、マスをすべて使わなければなりません。この２つがルールなのですが、シンプルが故に難しく楽しいです。最初はすぐにできそうですね。操作も簡単で、「ERASE」をタッチした後、線をタッチで、消したい線を消して、「UNDO」で一つ前の線を消します。これでレベル１０くらいです。このレベルになると、私には難しかったです…（え、簡単ですか？）アドバイスとしては、逆さまに見て考えてみると答えが見えるときがあります。一度はまると、ずっと楽しめます。久しぶりに王道パズルゲームが楽しめました！■RainbowApps - iPhoneアプリ開発を学ぶなら1000人が受講したEagleが運営する東京校が一番！■成長率 888% 毎日 50万台増える Androidアプリに参入しよう。Androidマスターコース■人気のAngryBirds風アプリやスーパーマリオ風アプリが簡単に作れちゃう。ゲームアプリコース■iPhoneの日米人気アプリランキングをチェックするからRainbowApps■RainbowAppsの記事をもっと読む	it-life-hack
タダ者じゃない！7インチタブレット「eden TAB」の魅力をさぐる	Mobile In Styleは、7インチタブレット「eden TAB（エデンタブ） Wi-Fi ソフト搭載モデル」を、2012年3月3日より発売することをあきらかにした。今回販売する製品は、キングソフト株式会社の「KINGSOFT Office for Android」「KINGSOFT Mobile Security」「KDrive（オンラインストレージ 30G・1年版）」をプリインストールしたソフト搭載モデルだ。価格は3万6,800円（税込み）。ボディカラーは、ホワイトとブラック、ピンクの3色。タブレットは各社が販売しているが、「eden TAB」の魅力はどこにあるのだろうか。「eden TAB」は、高性能な7インチタブレットだ。大容量バッテリーを搭載しながらも、7インチタブレットとしては最軽量となる330g という質量を実現した。また、スタイリッシュなデザインでありながら、Dual Core 1.2Ghzで、1280×800 ドットの高解像度の画面が大きな魅力となっているほか、デジタルディスプレイ出力端子（MDMIミニ）、バッテリー3850mAh搭載と、拡張性と実用性を兼ね備えたモデルとなっている。本体には、Android端末上でオフィス文書が編集・閲覧・新規作成できる「KINGSOFT Office for Android」、Android端末をあらゆるリスクから守るセキュリティソフト「KINGSOFT Mobile Security」、KINGSOFT Office から、ワンクリックで直接ファイルの読込みや保存が可能なオンラインストレージ「KDrive（30GB)」の3つのソフトを搭載しており、様々なシーンで便利に使うことができる。軽量、高速、拡張性、大容量バッテリと、タダ者じゃないタブレットといえそうだ。■「eden TAB」製品情報Transcend SDHCカード 16GB Class10 永久保証 [フラストレーションフリーパッケージ (FFP)] TS16GSDHC10Eトランセンド・ジャパン販売元：Amazon.co.jpクチコミを見る	it-life-hack
話題のスマホの駆動時間をのばす！ドコモ REGZA Phone T-01用大容量バッテリー【モバステ通信】	ドコモは、Androidスマートフォン「REGZA Phone T-01D」を発売した。精緻で高精細な映像をいつでもどこでも楽しめるうえに、高速・高性能1.2GHzデュアルコアCPUにより、動画視聴もアプリも、ストレスなく快適に楽しめる高性能なスマートフォンであるだけに、新規に購入した人、機種変更した人がいるだろう。そうした人に向けて、Mobile Stationでは、「ドコモ REGZA Phone T-01対応スタンダード大容量バッテリー」「ドコモ REGZA Phone T-01D対応大型大容量バッテリー」の発売を開始したので、ここで紹介しよう。■標準と同じサイズで100mAhも大容量「ドコモ REGZA Phone T-01対応スタンダード大容量バッテリー」は、文字通りにREGZA Phone T-01用に開発した大容量バッテリーだ。標準バッテリー（1400mAh）と比べて100mAh多い1500mAhと大容量だが、バッテリーサイズが標準バッテリーと同じだ。今まで使っているケースをそのままのかたちで使い続けることができる。  ・ドコモ REGZA Phone T-01対応スタンダード大容量バッテリー■標準バッテリーの2.4倍の大容量「ドコモ REGZA Phone T-01D対応大型大容量バッテリー」は、REGZA Phone T-01用に開発された大型大容量バッテリーだ。標準バッテリー（1400mAh）と比べて2.4倍超の3400mAhと大容量なので、1日中使いたい人に最適なバッテリーと言えるだろう。  ・ドコモ REGZA Phone T-01D対応大型大容量バッテリー外出時にバッテリーが気になる人には、魅力的な製品といえるだろう。■Mobile Station■メディアバンク■モバステ通信の記事をもっと見る・ドコモの最新スマホに強い味方！AQUOS PHONE slider SH-02D用ケース・話題のタブレットに便利なケース！Sony Tablet S用ケースが登場・最新スマホに強力なアイテム！ドコモ、GALAXY S II LTE SC-03D用大容量バッテリー・最新スマホに最適なアイテム！ドコモ ARROWS X LTE F-05D用ケースTranscend SDHCカード 16GB Class10 永久保証 [フラストレーションフリーパッケージ (FFP)] TS16GSDHC10Eトランセンド・ジャパン販売元：Amazon.co.jpクチコミを見る	it-life-hack
Macの次期OS「Mountain Lion」の真の狙いとは？ 【役立つセキュリティ】	先日、Appleが「Mac OS X Mountain Lion Developer Preview」をリリースしました。セキュリティの観点から見て最も興味深いのは、「Gatekeeper」と呼ばれる新しい機能で、これはソースに基づいてダウンロードしたアプリケーションのインストールを制限する機能となっています。ここには:Allow applications downloaded from:・ Mac App Store・ Mac App Store & Identified developers・ Anywhereつまり、日本語に直すと:以下からのアプリケーション ダウンロードを許可する:・ Mac App Storeから・ Mac App Storeと認証された開発者から・ 全てからということになります。デフォルト設定は「Mac App Storeと認証された開発者」となっているため、Appleは、開発者がここで生じる摩擦を減らしたいなら、Appleの「Mac Developer Program」（年間参加費99ドル）に申し込む必要があるということを暗示していると考えられます。以下の画像にあるテキストを見る限り、ユーザが「全て」からのインストールを選択しても、「Mountain Lion」はそのアプリケーションが "Developer ID" を伴っていないとユーザに警告する仕様になっています。エフセキュア・コーポレーションでセキュリティ アドバイザを務めるショーン・サリバンは、「これは、少なくともシステムセキュリティの観点では、悪いことではない。開発者の登録料とインストールのプロンプトは、ほぼ間違いなくMacのエコシステムをセキュリティへと導くためのコストを生み出すだろう。」と延べ、「Gatekeeper」がMac独自のクローズドの空間を生み出すと示唆しています。将来、Appleが同社のプラットフォームをさらに閉鎖的にするのであれば、デバイスドライバも "Apple Developer ID" を使用するよう求められる可能性があります。さらにAppleは、ユーザエクスペリエンスへの取り組みに力を入れているため、そのユーザエクスペリエンスをより "セキュア" にするために、サードパーティのペリフェラルドライバ (third-party peripheral drivers) を廃止する可能性があると想像できます。…続きを読む■Mountain LionのGatekeeper：「あなた」のためにより多くのコントロールを昨日、Appleが「Mac OS X Mountain Lion Developer Preview」をリリースした。セキュリティの観点から見れば、最も興味深い新機能は、ソースに基づいてダウンロードしたアプリケーションのインストールを制限する「Gatekeeper」だ…エフセキュア・コーポレーション　by： ショーン・サリバン （2012年2月17日）…続きを読む■再び「Poika」を連れて街を練り歩く1年前、我々はAV-Comparatives Product of the Yearアワードを受賞した。そして、同賞がいつのまにか、ヘルシンキのあちこちを回っている「「Poika」を連れて街を練り歩く」という記事を掲載した。さて、我々は今日、「エフセキュア クライアント セキュリティ」で「AV-TEST Best Protection Award」のトロフィーを受けた…エフセキュア株式会社　by： ミッコ・ヒッポネン  （2012年2月16日）…続きを読む■あらゆるデバイスにハッキングの可能性があるジョンズホプキンス大学でコンピュータ・サイエンスの教授をつとめるAvi Rubinが、先頃TEDxMidAtlanticで、有益な（そして非常に楽しい）プレゼンテーションを行った。Rubinの講演は様々なデバイスに対するハッキングの試みの結果をまとめている…エフセキュア・コーポレーション　by： ショーン・サリバン  （2012年2月16日）…続きを読む■Cryptomeがハッキング「Cryptome.org」は、言論の自由、暗号、スパイおよび監視に関連する情報の掲載にフォーカスしたWebサイトだ。様々な点でCryptomeはWikileaksに似ている。1996年から運営されているという以外は。同サイトはJohn Youngという名のニューヨークに拠点を置く建築家が主宰している…エフセキュア・コーポレーション　by： ミッコ・ヒッポネン  （2012年2月13日）…続きを読む■Meet us at Smartphone & Tablet 2012 Springビジネスを変革するスマートデバイス ソリューションが一堂集う、「Smartphone&Tablet2012 Spring」でエフセキュアが法人向けに提供する最新モバイル端末向けのセキュリティ ソリューションが先行公開されることになりました。エフセキュアは昨年、モバイル端末向けのセキュリティ製品「エフセキュア モバイル セキュリティ for Android」と「エフセキュア モバイル セキュリティ ビジネス」をリリースしましたが…エフセキュア株式会社　by： 尾崎 リサ  （2012年2月10日）…続きを読む■エフセキュアブログを読む■エフセキュア公式ページ■本当に役立つセキュリティの記事をもっとみる・ハッカー集団「Anonymous」がFBIの電話会議をリーク・Amazonのクラウドを悪用したFacebook詐欺・ハッカーがポーランド政府を攻撃・ネットを騒がすSOPAってなに？・Androidアプリの広告に潜むパーミッションの罠>エフセキュア インターネットセキュリティ 2012 3PC 3年版エフセキュア(2011-11-07)販売元：Amazon.co.jpクチコミを見る	it-life-hack
国内最速クラスの下り最大75Mbps！イー・モバイル、次世代モバイル通信「EMOBILE LTE」が凄い	外出先でインターネットを快適に楽しむためには、高速なモバイル通信が必要となる。そうした状況を踏まえ、イー・アクセス（イー・モバイル）は2012年2月22日、国内LTE最速クラスとなる次世代モバイル通信サービス「EMOBILE LTE」を2012年3月に提供すると発表した。「EMOBILE LTE」とは、何が凄いのか？■下り最大75Mbpsを実現「EMOBILE LTE」は、世界標準の通信規格であるFDD-LTEを採用した、下り最大75Mbps、上り最大25Mbpsのモバイル通信サービスだ。「EMOBILE LTE」対応エリアは、2012年6月末時点で東名阪主要都市の人口99%をカバーし、その後も順次拡大する予定。また、「EMOBILE LTE」対応エリア外であっても、全国の人口93%をカバーする「EMOBILE G4」エリアで利用できる。  高速かつカバーエリアが広いという意味で、「EMOBILE LTE」は注目すべきモバイル通信だ。対応端末は、当初、「Pocket WiFi」シリーズのWi-Fiルーター2機種およびUSBスティックタイプ1機種だが、サービス開始日以降、順次発売する。なお、料金プラン、サービス提供開始日等の詳細については、決定次第お知らせするとしている。■下り最大75Mbps次世代モバイル通信「EMOBILE LTE」を3月に提供開始 - リリース■イー・アクセス■イー・モバイルに関連した記事をもっと見る・国内初のXGAタブレット端末！イー・モバイル「A01HW」の狙い・ついに発売へ！イー・モバイル、最速Pocket WiFiの驚くべき機能・ついに発売日が決定！国内最軽量のスマホ「Pocket WiFi SII（S41HW）」・思わぬ落とし穴もあり！イーモバ通話定額無料のカラクリBUFFALO USB3.0 ポータブルハードディスク 1.0TB HD-PCT1TU3-BB/N [フラストレーションフリーパッケージ(FFP)]バッファロー(2011-07-01)販売元：Amazon.co.jpクチコミを見る	it-life-hack
深くお詫び申し上げます！探検ドリランドの一部機能を停止	グリーは2012年2月20日、同社が運営する一部のソーシャルゲームにおいて、通常の想定数を超えたゲーム内アイテム（カード）の取得並びに交換（トレード）行為が確認されたことに伴い、トレード機能を停止することをあきらかにした。同社は、「ご利用いただいているユーザーの皆様に、多大なご迷惑とご心配をおかけしましたことを深くお詫び申し上げます。」と、コメントしている。同社の発表によると、2月19日午前11:30に「探検ドリランド」ゲーム内におけるトレード機能を停止し（その他の機能については従来どおり利用可能）、全てのユーザーの皆様にトレード機能の停止を告知した。今後の対応だが、同社では現在、原因の究明を行っており、本件に関しまして詳細が判明次第、改めて案内するとしている。なお、ゲームの公平性を保つため、禁止行為が確認されたユーザーに対しては、サービス内にて告知した上でアカウント停止を含めた対応をする可能性がある。本発表が業績に与える影響については現在精査中だが、影響は軽微であると認識しているとのこと。今後業績に影響を与えることが判明した場合には、速やかに公表するとしている。■当社運営サービス一部機能の一時停止に関するお知らせ■グリー■グリーに関連した記事をもっと見る・GREE Platformの世界展開を加速！グリーがPayPalと業務提携した理由・GREEとMobageの訴訟の行方は？DeNAがGREE田中氏の発言に反論・10億5千万円以上の損害賠償を請求！グリーとKDDIがDeNAを提訴した理由・iPhoneでFlashコンテンツを表示！グリー、開発者向けにiOS向けの技術を提供モバゲー・GREEでソーシャルゲームを公開するために知っておきたいこと著者：アイテム秀和システム(2011-12)販売元：Amazon.co.jpクチコミを見る	it-life-hack
驚くほど長寿命な無線式！3年半も電池交換が不要なマウス	無線式マウスは、ケーブルがなくて使いやすい反面、電池の持ちが気になる人もいるだろう。そうした人に打ってつけのマウスがエレコムから登場する。2月下旬より発売されるIR LEDマウス「M-IR03DRシリーズ」は、赤外線LEDを使用することで消費電力を小さくし、電池使用期間「約3.5年間」を実現したワイヤレス省電力マウスだ。長文などを一気に閲覧できる「高速スクロール」機能を搭載した。ボディカラーは、レッドとシルバー、ブラックの3色。■画面の高速スクロールもできる「M-IR03DRシリーズ」は、Blue LEDやレーザーを採用したマウスより消費電力の小さな「赤外線LED」の採用することで、消費電力の削減を可能にしたIR LEDマウスだ。ワイヤレスマウスの大きな不満の1つだった「電池の消耗」を改善し、「約3.5年間（※）」もの長期に渡って電池の交換を不要にした。「M-IR03DRシリーズ」は、さらに指先でホイールを勢いよく回転させると、一定時間スクロールが続く「高速スクロール」機能を搭載した。一度のホイール操作で、一気に画面をスクロールできますので、長いWebページや文章を楽に閲覧することができる。エクセルでは最大約30,000行をスクロールできるなど、閲覧効率が大幅にアップする。本体底面には「一般スクロールモード」と「高速スクロールモード」を切替可能なスイッチを装備し、目的に応じて切り替えができる。※ライトユーザーの場合、ヘビーユーザーの場合は約1年間  ■使い勝手のよいマウス「M-IR03DRシリーズ」は、「省電力」、「高速スクロール」のほかにもさまざまな機能を備えている。左右のボタンには、耐久性の面で非常に信頼性が高く、クリック感にも定評があるOMRON社製スイッチを採用している。無線方式には、安定した通信が可能な「2.4GHz帯」を採用し、非磁性体では約10m、スチールデスクなど磁性体上でも約3mの範囲で使用可能になっている（エレコム調べ）。レシーバは超小型、1円玉サイズでパソコンに挿したままでも邪魔にならない。また、レシーバは、マウス本体内に収納して持ち運ぶことができますので、持ち運びの負担や紛失のリスクを軽減する。カウント数は800/1600カウントの2段階に切り替え可能なほか、本体裏面の電源スイッチ、電池残量表示ランプなど便利な機能を備える。このほか、Webページ閲覧の効率を上げる「進む」「戻る」ボタンを装備した5ボタンタイプを採用した。「Google日本語入力」も使えるオリジナルソフト「エレコム マウスアシスタント2」を弊社ホームページからダウンロードすることで、各ボタンに割り当てられている機能を変更することもできる。  ■「M-IR03DRシリーズ」製品情報■エレコムTranscend SDHCカード 16GB Class10 永久保証 [フラストレーションフリーパッケージ (FFP)] TS16GSDHC10Eトランセンド・ジャパン販売元：Amazon.co.jpクチコミを見る	it-life-hack
世界を選んだ写真家たち！RING CUBE写真展「OVERSEAS 2012」を開催	リコーは、東京・銀座にあるリコーフォトギャラリーRING CUBEにおいて、「OVERSEAS 2012」‐世界を選んだ写真家たち‐を2012年2月22日より開催する。今回の企画は、「私たちが考え、感じている以上に世界は近い」をテーマとして、海外を拠点に制作活動を行っている日本人写真家3名の作品を展示する。誰でも世界のどんな場所にでも行けるようになり、情報のデジタル化やグローバル化が進んで、写真家の表現の場は世界へ向かっている。海外を作品制作の場として選んだ彼女らを紹介することで、来場者にとってRING CUBEが刺激的なヴィジュアルコミュニケーションの場となることを狙いとしている。尾黒久美氏のプロフィール1995 年に渡英。ロンドンのBlake College を経て City of Westminster College の写真科を卒業後 ベルギーのアントワープへ移住。2003 年、アントワープ王立芸術アカデミー写真科卒業。 その後は写真だけにとどまらずアントワープ大学などでビデオ、インスタレーション、映画論など幅広く研究している。 ベルギー、オランダ、フランス、デンマークなどヨーロッパ各国で個展、グループ展を中心に活動中。2008 年には初の作品集「NOISE」をLe caillou bleu より発刊。2010 年にはSANAGI FINE ARTS 及びNADAR/TOKYO で日本初の個展「NOISE」開催。今年9 月にはStieglitz19 ギャラリーにて地元アントワープでの初めての個展が予定されている。花坊（KABO）氏のプロフィール独学で写真を学び、1993 年にフリーの写真家となる。ファッション誌、音楽誌や広告写真で活動。1998 年に、香港の映画監督エリックコット氏「ドラゴンヒート」のスチール撮影を担当。香港にもベースを構え、雑誌、広告、CD ジャケット、ミュージックビデオなどで、独自のスタイルを発表し続ける。2003 年にIdN ギャラリー(香港)で写真展「Now you see it, Now you don't」を開催。2004 年に同名の写真集を発表。その後も作品集「Undercover/ W.W magazine 」, 「My life in the Making/ WadaEmi」の発表の他、個展や合同展に参加するなど、世界を舞台に活動の場を広げている。ないとうようこ氏のプロフィール日本大学芸術学部写真学科卒業後、東京でグラフィックデザイナーとして働く。その後、単身ニューヨークへ。現在はニューヨークを拠点に写真家として活動中。2009 年にフォトギャラリーインターナショナル(東京)でグループ展、2011 年に個展「silence of breath」graphite Gallery(ニューヨーク)など、東京、ニューヨークをはじめとして世界各地でグループ展や個展を開催。主な受賞歴にPX3 Prix de la Photographie Paris、またThe Houston Museum of African American Culture より2011 年度のCurate NYC に選出された。今年３月にはニューヨークにて作品集「maybe see you?」でブックフェアに参加する。写真展概要名 称 :「OVERSEAS 2012」‐世界を選んだ写真家たち‐期 間 : 2012 年2 月22 日(水)〜2012 年3 月11 日(日) ※休館日を除く場 所 : リコーフォトギャラリー RING CUBE ギャラリーゾーン所 在 地 : 東京都中央区銀座5-7-2 三愛ドリームセンター8 階・9 階(受付9 階)電 話 : 03-3289-1521 開館時間 : 11:00〜20:00(最終日17:00 まで)休 館 日 : 火曜日入 場 料 : 無料■リコーフォトギャラリー「RING CUBE」■RING CUBEの記事をもっと見る・写真の凄さ・楽しさに出会える「RING CUBE」！3周年を迎えて更に進化を続ける3つの写真とは・RING CUBE開設3周年記念！スナップ写真展「著 名 人」を開催・長時間露光撮影なのにブレない人の不思議！満潮 "High Tide" という幻想的な写真展【新-写真空間】・GXRがとらえた神秘の森！伊藤之一写真展「隠れ里へ the invisible scene」【新-写真空間】デジカメ写真の構図が上手くなる見本帳著者：石田 徳幸翔泳社(2012-01-18)販売元：Amazon.co.jpクチコミを見る	it-life-hack
Macの隠し機能を使うアプリ！長寿命の無線マウスから最新PCまで一挙紹介【ITフラッシュバック】	世界最軽量で薄型のスタイリッシュタフボディと高性能を両立させたパナソニックの「レッツノートSX1」が発売されたり、3年半も電池交換が不要なマウスや、Macの隠し機能を使うアプリまで、パソコンの最新事情やテクニックを振り返ってみよう。■ついに本日、発売開始！パナソニック、最強カスタマイズの「レッツノートSX1」開封レポート「パナソニック、「レッツノートSX1」を発表！品川駅でＴ＆Ｔイベントを開催」でお伝えしたように、パナソニックは「レッツノートSX1」を発表した。「レッツノートSX1」は、世界最軽量薄型スタイリッシュタフボディと高性能を両立させた新シリーズなので、注目している人も多いだろう。■プレミアムなUltrabookが登場！ガラスを多用したノートパソコン日本HPがUltrabookの一つ上のモデル「プレミアムUltrabook」のHP Envy 14 Spectreを発表した。HPのUltrabookとしてはFolio 13があるが、素材やデザインなどにプレミアム感を出した製品となる。■驚くほど長寿命な無線式！3年半も電池交換が不要なマウス2月下旬より発売されるIR LEDマウス「M-IR03DRシリーズ」は、赤外線LEDを使用することで消費電力を小さくし、電池使用期間「約3.5年間」を実現したワイヤレス省電力マウスだ。長文などを一気に閲覧できる「高速スクロール」機能を搭載した。■レノボ、プロゴルファーの斉藤愛璃選手とオフィシャル・スポンサーシップ契約を締結レノボ・ジャパンは2012年2月20日、プロゴルファーの斉藤愛璃選手（所属：程ヶ谷ＣＣ）と、2012年3月1日から2013年2月28日までの期間、オフィシャル・スポンサーシップ契約を締結したと発表した。■アップル、デベロッパプレビューをリリース！次期Mac OS X「Mountain Lion」が明らかにアップルは2012年2月16日（米国カリフォルニア州クパティーノ現地時間）、9番目のメジャーリリースとなる「OS X Mountain Lion」のデベロッパプレビューをリリースした。「iPadの人気アプリケーションや機能をMacにもたらし、OS Xのイノベーションを加速させるもの」としているが、どこが凄いのだろうか。■取りつけは簡単だが、いきなりトラブル！インテル SSD 520をMacに装着 (中)インテルの最新SSD「520シリーズ」を旧型Macに取りつける、ややマイナーなレビュー企画。今回で完結となるはずだったが、トラブル発生。それに触れる前に、意外に複雑だった、旧MacProへの取りつけ方法を述べておく。■知らない人は宝の持ち腐れ！隠し機能を利用できる神アプリを解説 - Mac必須アプリ (4)本文■パナソニックに関連した記事をもっと見る・まるでお祭りの出荷式！レッツノートSX1の出荷が始まる・どこよりも詳しく解説！実機写真で見る新レッツノート・スタイリッシュな新レッツノート！品質は十分だがコストが課題か・パナソニック、「レッツノートSX1」を発表！品川駅でＴ＆Ｔイベントを開催BUFFALO 外付けハードディスク PC/家電対応 (Regza[レグザ]/Aquos[アクオス]) 2TB HD-LB2.0TU2/N [フラストレーションフリーパッケージ(FFP)]バッファロー(2011-06-11)販売元：Amazon.co.jpクチコミを見る	it-life-hack
手ぶらでタブレット！これぞ本当の自由を実現するモバイル活用アイテム登場	今年は、iPadをはじめとするタブレット端末がブレイク確実と言われている。タブレットは手もちで使えるところがメリットだが、長時間手で持つのは、やはり疲れる。家庭でもキッチンやリビングなどで家事をしながら、あるいはカラオケパーティーでタブレットのカラオケアプリで楽しんだり、電子書籍を読んだりする際に、立ったままタブレットを使えたら、もっと便利に違いない。「イケショップのレア物」では、タブレットやPCで使える便利なアイテムを紹介してきたが、立ったままで使うためのグッズは今までなかった。今回紹介するのは、なんと、立ったままタブレット端末が使える「Tablet PC Tripod Stand」だ。待ちに待った人のために、「Tablet PC Tripod Stand」がいったいどういうものなのかを、ここで紹介しよう。■しっかり固定！自由な角度で調整「Tablet PC Tripod Stand」は、タブレット端末を傍らに置くのに便利なスタンドだ。上下からしっかりはさみ込むホルダー部分は、自由に角度を変えられるので、ベストなポジションを簡単に調節できる。ホルダーはボールタイプのジョイントになっているので、自由な角度で使えるわけだ。 自由な角度に調節できる たとえば、iPad/2を縦にも横にも取り付けられ、7インチのGalaxyTab7でも縦に取り付け可能だ。 縦にも横にも取り付けられる ■3段階に高さを調整できるポールポールは3段の伸び縮み式であり、60cmから125cmの間で、高さを自由に設定できる。設置する場合の脚の幅は60cmだが、調節ができるので、幅60cm以下での利用も可能だ。 60cmから125cmの間で、高さを自由に設定できる ■持ち運びに嬉しいおまけのケースおまけのケースも見逃せない。本製品には、移動時に便利な収納ケースが付属されており、移動時や使わない時でもスッキリと収納ができる。※収納ケースはポール部分専用であり、ホルダー部分は収納できない。仕様折りたたみ時の長さ: 50cm収納ケースに収納時: 55cm重さ: 750g  イケショップのスタッフいわく、「タブレットを見ながら作業をしたい方に最適です。ご家庭での用途以外にも、プレゼンやスピーチでタブレットを使用する場合や、パーティーでカラオケアプリを使用したり、演奏会で楽譜アプリを使用したりする際にも便利にお使いいただけます。また、軽量なので持ち運びも苦になりません。」とのこと。「Tablet PC Tripod Stand」は、タブレット端末を手で持たずに使いたい人にとって、またとない便利なガジェットといえるだろう。なお、イケショップでは、2011年2月24日より50台限定で、通常価格4,980円のところをキャンペーン特価4,480円にて販売するとのこと。この機会を見逃す手はないだろう。■Tablet PC Tripod Stand通常価格(税込)：4,980 円（キャンペーン特価50台限定4,480円）主な仕様サイズ(約):折りたたみ時の長さ: 約50cm使用時の調節可能な高さ: 60cm〜125cm使用時の脚の幅: 60cm重量(約): 750g材質：軽量スチールパイプ■伝説のレアものショップ　イケショップ■復活！イケショップのレアものがいっぱいの記事をもっと見る・スマホもタブレットもおもかせ！車派にうれしい「USBカーチャージャー大集合」・出張も旅行も電池切れの心配無用！スマホやノートPCを100％活用できるウルトラ大容量バッテリー・iPadもOKな海外出張の強い味方！全世界のコンセントに対応「トラベルチャージャーセット」・2つのモバイル機器を一気に充電！コンパクトな大容量バッテリ・iPhone 4を置くだけ充電！タテヨコ自在に置けるiPad多機能スタンド	it-life-hack
プレミアムなUltrabookが登場！ガラスを多用したノートパソコン【デジ通】	日本HPがUltrabookの一つ上のモデル「プレミアムUltrabook」のHP Envy 14 Spectreを発表した。HPのUltrabookとしてはFolio 13があるが、素材やデザインなどにプレミアム感を出した製品となる。HPはデザイナーとコラボしたノートパソコンとして、Vivienne Tam Editionなどをリリースしていたが、同様のプレミアム感のある製品が今回のHP Envy 14 Spectreだ。HPの個人向けのリーズナブルなノートパソコンとしてPavilionシリーズがあるが、その上位モデルにEnvyシリーズがある。Envyシリーズはよりスペックも高く、質感も高い製品だが、このEnvyシリーズから「プレミアムUltrabook」として登場した。プレミアムUltrabookは、通常のUltrabookにプレミアム感を足したもので、インテルとHPから出てきたカテゴリとなる。ちなみに製品名のSpectreを英語読みした場合、スペクターだが、日本では語源のラテン語であるスペクトル(spectrum)の読み方を採用している。製品名の読み方は「エイチピー・エンビー・フォーティーン・スペクトル」だ。 パームレストはガラス製。Beats audioにも対応する ■ガラスを多用した筐体この製品の特徴として、ガラスを多様している点にある。液晶画面、天板、パームレスにガラスを使用し金属やプラスチックとは違う高級感のある筐体に仕上がっている。ガラス自体はコーニングのゴリラガラスなので、簡単に傷がつくようなことは無い。また、製品名からわかるように14型の液晶パネルを採用しているが、一般のUltrabookの13型よりも一回り画面が大きく、1600×900の高解像度液晶なので情報量も多い。液晶は大きいが狭額縁仕様なので、本体サイズは13型のFolio 13と同等だ。キーボードのLEDライトもユーザーに合わせた近接センサー付きで、キーの文字も光るタイプで高級感も高い。店頭モデルは128GBのSSDで13.5万円程度、HP Directplusモデルは256GBのSSDで16万円前後。発売は3月中旬。今回の「プレミアムUltrabook」の登場でUltrabookの展開も面白くなりそうだ。■日本HP上倉賢 @kamikura [digi2(デジ通)] digi2は「デジタル通」の略です。現在のデジタル機器は使いこなしが難しくなっています。皆さんがデジタル機器の「通」に近づくための情報を、皆さんよりすこし通な執筆陣が提供します。■ITライフハックTwitter■デジ通の記事をもっと見る・高品質なレッツノートの工場！開発現場並みの検査施設・サービス終了後はどうなる！電子書籍は永遠に読めるのか・インテル SSD 520をMacに装着！旧式Macはどれほど高速化するのか (上)・OSが変わっても使い勝手は同じ！ハイブリッドPCの今後は？【キヤノン純正インク】キャノンインクタンク 5色マルチパック BCI-321+320/5MPキヤノン販売元：Amazon.co.jpクチコミを見る	it-life-hack
ついに本日、発売開始！パナソニック、最強カスタマイズの「レッツノートSX1」開封レポート	「パナソニック、「レッツノートSX1」を発表！品川駅でＴ＆Ｔイベントを開催」でお伝えしたように、パナソニックは「レッツノートSX1」を発表した。「レッツノートSX1」は、世界最軽量※薄型スタイリッシュタフボディと高性能を両立させた新シリーズなので、注目している人も多いだろう。そんな「レッツノートSX1」は本日（2011年2月25日）、発売開始となった。運良く実機を入手できたので、写真で見てみよう。■これが最強「レッツノートSX1」だ筆者が購入した「レッツノートSX1」は、パナソニックのマイレッツ倶楽部で購入した最強カスタマイズのモデルだ。詳細は別の記事でレポートするが、オンボードメモリー8GB（空スロット1、最大16GB）に加え、第2世代インテル Core プロセッサー i7-2640Mを備える。マイレッツ倶楽部だけあり、「レッツノートSX1」が朝一番に届いた。  ワクワクしながら開封してみる。  「レッツノートSX1」の化粧箱は、非常にシンプルなものとなっている。  内容物をすべて並べてみた。外出時に作業することも多いので、標準バッテリーパック（S）に加え、、標準バッテリーパック（L）を購入した。  ユーザー思いのパナソニックだけあり、マニュアルも充実している。  ■「レッツノートSX1」製品情報■パナソニック■パナソニックに関連した記事をもっと見る・まるでお祭りの出荷式！レッツノートSX1の出荷が始まる・どこよりも詳しく解説！実機写真で見る新レッツノート・スタイリッシュな新レッツノート！品質は十分だがコストが課題か・パナソニック、「レッツノートSX1」を発表！品川駅でＴ＆Ｔイベントを開催BUFFALO 外付けハードディスク PC/家電対応 (Regza[レグザ]/Aquos[アクオス]) 2TB HD-LB2.0TU2/N [フラストレーションフリーパッケージ(FFP)]バッファロー(2011-06-11)販売元：Amazon.co.jpクチコミを見る	it-life-hack
USB機器を家族で使える！無線LAN対応USBデバイスサーバー「WN-DS/US」のレビューアーを募集	ソーシャルレビューコミュニティ「zigsow（ジグソー）」は、I-O DATA製品の総合レビューサイト「I-O DATA Review Challenge（アイ・オー・データ・レビューチャレンジ）」において、無線LAN対応USBデバイスサーバー「WN-DS/US」のレビューアー10名の募集を2012年2月22 日より開始した。レビューアーに選出され、実際にレビューを書いた人には、レビュー後に、もれなくレビュー対象製品がプレゼントされる。■「WN-DS/US」って、なに？「WN-DS/US」は、様々なUSB機器をネットワーク（LAN）経由で使えるUSBデバイスサーバーだ。USB機器をネットワーク経由で共有できる「net.USB（ネットUSB）」機能を備える。プリンターやハードディスク、DVDドライブなどの様々なUSB機器を離れた場所に設置して利用できるようになり、USBケーブルのつなぎ換えをすることなく、複数のパソコンから1台のUSB機器を利用できる。無線LAN対応なので、USB機器を自由に配置が可能だ。「I-O DATA Review Challenge」では今後も、1ヵ月平均2回の頻度にてユーザー参加型製品レビューサービス「ジグソープレミアムレビュー」を実施するとしている。募集概要レビューアー募集期間： 2012年2月22日（水）〜2012年2月29日（水）23:59レビュー製品：無線LAN対応USBデバイスサーバー「WN-DS/US」募集するレビューアー数：10名I-O DATA 製品の総合レビューサイト【I-O DATA Review Challenge】：http://zigsow.jp/com/iodata/■「WN-DS/US」プレミアムレビュー■zigsow■【最新口コミ モノ・トレンド zigsow】の記事をもっと見る・ネットで気軽にフォトブックの編集注文ができる！「ドリームページ」のレビューアーを30名募集・Macでテレビが見られる！地デジ対応テレビキャプチャー「m2TV」のレビューアーを10名募集・FPSゲームに最適な24型ディスプレイ！「BenQ XL2420T」のレビューアーを募集開始・はやくも40台を一挙に大放出！「インテル SSD 520シリーズ」レビューアー募集開始	it-life-hack
PSPソックリのAndroid端末が登場！レッドスター、携帯ゲーム機「JXD 5000」を販売へ	レッドスター（は2012年2月24日、携帯ゲーム機「JXD 5000」の販売を3月23日より開始すると発表した。価格は、17,800円（税・送料込み）。ボディカラーは、ブラック/ブルー/ホワイト/レッドの4色。本製品は、5インチ大画面ディスプレイを搭載した携帯ゲーム機だ。  画面は800×480ピクセルの解像度を持ち、FMラジオ、電子書籍、時刻表示、カレンダー、アラームクロックなどの機能を備える。    どことなく、PSPにソックリだ。仕様ディスプレイ: 5.0インチ、800×480ピクセルメモリ: 4GBカメラ: 背面200万画素外部ストレージ: MicroSD(最大32GB)画像: JPEG、BMP、TIF、GIF、PNGビデオ: RM、RMVB、AVI、WMV、VOB、FLV、DAT、MP4、MPG、MPEGオーディオ: MP3、WMA、APE、FLAC、WAV、AAC、OGGインターフェイス: 3.5 mmステレオヘッドホンミニジャック、USB 2.0、HDMI出力言語: 日本語、英語、中国語、韓国語、フランス語、ドイツ語、イタリア語、オランダ語、ポルトガル語、スペイン語、スウェーデン語、チェコ語、デンマーク語、ポーランド語、タイ語、ハンガリー語、ルーマニア語、アラビア語、インドネシア語、マレーシア語、ギリシャ語、ベトナム語、ヒンディー語、トルコ語、フィンランド語、ノルウェー語、ヘブライ語、ロシア語機能: スピーカー、マイク、FMラジオ、電子書籍、時刻表示、カレンダー、アラームクロックバッテリー: 充電式リチウムイオン充電池、2300mAhサイズ: 194.5×83.2×16.1mm重量: 230gカラー: ホワイト/ブラック/レッド/ブルー保証: 1年保証■JXD 5000オフィシャルサイト■レッドスター（株式会社ゲッコー・アンド・カンパニー）Transcend SDHCカード 16GB Class10 永久保証 [フラストレーションフリーパッケージ (FFP)] TS16GSDHC10Eトランセンド・ジャパン販売元：Amazon.co.jpクチコミを見る	it-life-hack
旧式Macで禁断のパワーアップ！最新PCやソフトを一挙にチェック【ITフラッシュバック】	テレビやTwitterと連携できるパソコンや、プロセッサや切り替わるパソコンなど、面白いパソコンが次から次へと登場した。旧式Macの禁断ともいえるパワーアップ方法から、NECの最新PC、話題のThinkPad X1 Hybrid、新セキュリティソフトまで一挙に紹介しよう。■インテル SSD 520をMacに装着！旧式Macはどれほど高速化するのか (上)インテルが最新SSD「520シリーズ」を発売した。現行SSDの中でもトップクラスの性能を誇る同製品を、旧型Macの高速化を図るというポイントでレビューしてみた。少し風変わりなレビューとなるが、どの程度の効果があるか、期待大である。■http://itlifehack.jp/archives/6716997.htmlThinkPad X1 Hybridは使用するCPUがx86(インテルCore iなど)からARMに切り替わるハイブリッドなPCだが、これと同時にOSも切り替わる。■初期費用、更新費用ともに無料！ジャストシステム、ヤモリが目印のセキュリティソフト現在では、多くのユーザーがパソコンにセキュリティソフトを導入しているが、その過半数は毎年5,000円程度かかる更新費用やその手続きについて不満を持っている。有料ソフトを利用するユーザーの約8割は無料のセキュリティソフトを知っているにもかかわらず、性能面で劣るのではという不安から導入を控えているという状況にある。■テレビの新しい楽しみ方を提案！NECの春PCはTVとTwitterの連携NECは2012年2月14日、個人向けデスクトップパソコン「VALUESTAR」シリーズ3タイプ16モデルを2月16日より販売すると発表した。新商品では、よりパワフルになった録画機能に加え、TV視聴・録画機能に業界で初めて人気のTwitterを連携させた「SmartVisionつぶやきプラス」を追加するなど、TVパソコンならではの機能を搭載。スマートフォン、ホームネットワーク対応も強化し、「安心・簡単・快適」なデジタルエンターテイメントの提案として、主要モデルに対し以下の強化を行った。■まるでお祭りの出荷式！レッツノートSX1の出荷が始まる2月24日に発売されるLet’snote SX1/NX1の出荷式が2月8日に国内製造拠点の神戸工場で行われた。同社のパソコンとして初めてとなる出荷式で、この製品への力の入れようがわかる。【エプソン純正インク】インクカートリッジ 6色セット IC6CL50エプソン販売元：Amazon.co.jpクチコミを見る	it-life-hack
その前にやることあるだろ！孫社長の画期的な構想に賛否両論	ソフトバンクグループの代表 孫正義氏は、Twitterを通じて活発な発言をしている。そんな同氏の画期的な構想がネットで話題となっている。それは、突然のつぶやきから始まった。「アジアスーパーグリッドってなんですか？」とのTwitter読者の発言に対して、孫社長は、「アジアの国々の送電網を海底ケーブルで繋いでしまおうという構想です。 荒唐無稽だとか言われていますが案外真面目に考えています。」と、つぶやいた。このつぶやきに対して、下記のコメントが寄せられている。「海を跨いだ超伝導送電網が実現できれば、世界規模に展開も。広域での冷却設備コストの採算性をどうはじいてくれるか」「ありえない発想って 大事ですよね〜！」「初めて聞いた。」「とうとうやるのか！？」「ふう。外交音痴の孫さんに呆れ果てる。」「真面目に…なんか(^_^;) がんばってね…」「すごくステキです！地球人口の半分を占めるアジアを繋ぐ架け橋なりますね！ユーロ圏ならぬ、アジア圏へ！」「壮大でいいんじゃないですかねえ。問題は日本の中を繋ぐことで。。。 」「副産物として、直流で送れる送電線の開発が盛んになるかも。」「その前にやることあるだろ」「自国が不安定な状態で更に不安定な国々と繋ぐメリットは？」「インフラの国外依存率が上がると日本自体がなくなりそうで心配です」「韓国の原発はいいんですか？あと10基作ると言ってますよ。」「アイディアすごいのは認めるけどそんなに用ない。 」様々な意見が寄せられている。■孫正義 (masason) on Twitter■孫社長に関連した記事をもっと見る・何よりも大切な宝ですね！孫社長の幸せ発言がネットで話題・忘れそうになってた！孫社長の格言的な言葉が話題・豪快な笑いって大好き！孫社長の人生は楽しい発言が話題・夢を捨てて何の為の人生だ！孫社長の人生論に共感の嵐・好き嫌いはアートなのか！孫社長の格言的な言葉に賛否両論孫正義 奇跡のプレゼン　人を動かす23の法則著者：三木 雄信ソフトバンククリエイティブ(2011-12-01)販売元：Amazon.co.jpクチコミを見る	it-life-hack
毅然とした態度で臨んでいく！グリー田中社長が訴訟の判決にコメント	グリーは2012年2月23日、ディー・エヌ・エー及びORSOを被告とする著作権侵害差止等請求訴訟（以下「本訴訟」）を提起していたが、本日、東京地方裁判所より、ディー・エヌ・エーらに対して、同社への損害賠償として2億3,460万円の支払い及び「釣りゲータウン2」の配信行為等の差止を命じる判決が下されたことをあきらかにした。本判決に関し、同社代表取締役田中良和氏は、次の通りコメントしている。「東京地方裁判所より、ディー・エヌ・エーらによる『釣りゲータウン2』の配信差止及び損害賠償を命じる判決が下され、ディー・エヌ・エーらによる知的財産権侵害行為の違法性が認められたと評価しております。グリーグループは、知的財産権を重要な経営資源の一つと位置付けており、今後もグリーグループの知的財産権が侵害されたと判断した場合には、法的対応を執ることを含め、毅然とした態度で臨んでいく所存です。」1．訴訟の経緯同社は、ディー・エヌ・エーらが共同で製作し配信している携帯電話機用ゲーム「釣りゲータウン2」が、同社が開発し配信する携帯電話機用ゲーム「釣り★スタ」に関して同社が有する著作権等を侵害していると考えられたことから、2009年9月25日付けで相手方に対し、本訴訟を提起した。2．本訴訟の概要(1)     本訴訟の相手方株式会社ディー・エヌ・エー所在地             東京都渋谷区代々木4丁目30番3号代表取締役   守安　功株式会社ORSO所在地             東京都千代田岩本町2丁目4番1号代表取締役   坂元　義親(2)     原告訴訟代理人：西村あさひ法律事務所(3)     主な請求内容i 著作権法に基づく「釣りゲータウン2」の配信行為等の差止請求等。ii 著作権法に基づく損害賠償請求。3．判決の概要以下の内容が相手方に命じられた。(1)     著作権法及び不正競争防止法に基づく損害賠償として、金2億3,460万円及び法定利率による遅延損害金の支払い(2)     「釣りゲータウン2」の配信差止4．今後の見通し同社は、本訴訟に関して必要な開示事項が発生した場合には、速やかに知らせるとしている。なお、本訴訟が同社の業績予想に及ぼす影響は、現時点では軽微であると考えているとしている。■訴訟の判決に関するお知らせ - リリース■グリー■グリーに関連した記事をもっと見る・深くお詫び申し上げます！探検ドリランドの一部機能を停止・GREE Platformの世界展開を加速！グリーがPayPalと業務提携した理由・GREEとMobageの訴訟の行方は？DeNAがGREE田中氏の発言に反論・10億5千万円以上の損害賠償を請求！グリーとKDDIがDeNAを提訴した理由モバゲー・GREEでソーシャルゲームを公開するために知っておきたいこと著者：アイテム秀和システム(2011-12)販売元：Amazon.co.jpクチコミを見る	it-life-hack
戦国武将が勢揃い！戦国RPG 真・戦国バスター【iPhoneでチャンスを掴め】	こんな人におすすめ：戦国武将が好きな人こんな時におすすめ：戦国RPGがしたいとき、ひまつぶしアプリ名：真・戦国バスターカテゴリ：ゲーム価格：無料、アイテム課金戦国RPGの「真・戦国バスター」です。携帯ゲームからiPhoneアプリになりました。累計ユーザー数200万人を超えるソーシャルゲームアプリです。伊達政宗・織田信長などの有名武将と戦い物語を進めます。途中、戦った相手を仲間にしたり、育成して戦国最強を目指します。物語の途中、敵が現れて対戦します。物語の途中、巻物や宝物ををゲットしたり、経験値などでレベルアップします。ガチャといって、初回は３名、次からは一日１名、武将をゲットする事ができます。SNSゲームなので、お茶会や同盟などもできます。ストーリー展開も早く、有料ではやく進める事もできますが、無料でも十分楽しめました。どこで、有料になるのか解りにくいです。ずっと「続けて行動」を押していれば、勝手に話が進むので、それで終わってしまう事も。多くの武将が登場する点は満足でした。■RainbowApps - iPhoneアプリ開発を学ぶなら1000人が受講したEagleが運営する東京校が一番！■成長率 888% 毎日 50万台増える Androidアプリに参入しよう。Androidマスターコース■人気のAngryBirds風アプリやスーパーマリオ風アプリが簡単に作れちゃう。ゲームアプリコース■iPhoneの日米人気アプリランキングをチェックするからRainbowApps■RainbowAppsの記事をもっと読む	it-life-hack
Appleとの一騎打ちに死角？スマホシェア1位Samsungが抱える激動の2012年【世界のモバイル】	携帯電話各メーカーの2011年第4四半期が出揃った。この時期はクリスマスセールの期間でもあり、1年の中で最も利益を稼ぎ出す重要なシーズンでもある。同四半期に新製品iPhone 4Sを投入したAppleが絶好調であったのは当然として、他社の状況を見てみると明暗がはっきりとし、各社の状況をそのまま物語った結果となっている。たとえば、Sony Ericssonは前年同期比で販売台数が20%も下落。同社は高価格なスマートフォンにシフトしている状況でもあり、この減少は2億700万ユーロの損益を引き起こしている。一方、Samsungは携帯電話部門が過去最高の営業利益を更新。特にGalaxyシリーズのスマートフォンが好調で、今やスマートフォンの販売台数でAppleとトップを粗そう座に上り詰めた。携帯電話全体の販売台数ではまだNokiaがシェア1位をキープしているものの、スマートフォンでは前年同期比販売台数を31%下落させ、AppleとSamsungの後塵を拝するまでに後退してしまっている。Samsungはスマートフォンだけでなく携帯電話全体の販売台数も伸ばしており、調査会社IDCの報告によれば2011年通期の同社端末総販売台数は初の3億台を突破。前年から17.6%伸ばし3億2940万台となった。一方、Nokiaは前年から7.9%減の4億1710万台。マーケットシェアはそれぞれ21.3%、27%となり、両者の差は大きく縮まっている。これは仮に2012年も同じペースが続くとすると、今年末にはシェアが逆転するほどの状況である。もちろんNokiaもWindows Phoneへの移行を進めているのでスマートフォンの販売台数引き上げが図られるだろうが、Samsungの勢いはそれを上回るものになるだろう。Samsungのスマートフォンが好調なのは圧倒的な製品数を市場に投入した結果でもある。同社が2011年に発売したスマートフォンは日本でもヒットしたGalaxy S II、GoogleのリファレンスモデルであるGalaxy Nexusなどを含め、70機種以上に上る。この中には国別の派生モデルも含まれるが、低価格で若い世代＝Young Generation向けのGalaxy Yやデザインに特化したGalaxy R、フルキーボードを搭載したGalaxy Proシリーズなど、製品のバリエーション展開は広げられている。 Samsungの好調を支える多数のスマートフォンラインナップ さらにディスプレイサイズも2インチ大から4インチ後半と多数の製品を揃えているところも見逃せない。タブレットに至っては、7インチ、7.7インチ、8.9インチ、10.1インチと4つのモデルを1メーカーで揃えており、これだけの製品を揃えるメーカーはSamsungだけだ。そして販売国ごとに現地で売れると判断したモデルだけを販売国で投入するという徹底したターゲットニーズ展開も特徴だ。各国の通信事業者も自社の顧客が求めるだろうと判断した製品をSamsungのラインナップの中から自由に選ぶことができることで、各国の通信事業者にとってもSamsungの豊富な製品群は魅力的なものなのだ。Samsungのこの勢いはApple以外には敵なし、という状況にも見える。同社は2012年も多数のスマートフォンを市場に投入するだろう。だが昨年と同じ戦略を取るだけでは今の好調さを維持することは難しいかもしれない。たとえばGalaxyシリーズだ。製品デザインは全体的に似通ったものが増えてきている。矢継ぎ早に投入される新製品に、消費者が今後も新鮮味を感しるとは限らず、飽きられる恐れは十分にある。さらにはAppleから受けたデザイン模倣訴訟も国によっては敗訴となっているケースもあり、今後、同社の端末デザインは大きなウィークポイントになりかねない。Appleですら大成功したiPhone 3GからiPhone 4へのモデルチェンジ時には製品デザインを大きく変えて市場から大きな支持を受けたころからもわかるように、今後のSamsungも製品デザインの根本的な改革を早急に行うべきだろう。 スタイラスペンを使うGalaxy Noteはヒット商品になっ またこれまではNokiaなど他社を追いかける2位の座にあった同社だが、今後は他社から追従を受ける先駆者として業界を牽引していかねばならなくなる立場にかわったことだ。そのためには新技術の採用はもちろんのこと、斬新で新しい製品を他社に先駆けて投入する必要は、今以上に要求されてくるだろう。たとえば、2011年秋に投入したペンを使う新カテゴリの製品、Galaxy Noteは販売直後の2ヶ月で全世界で100万台を出荷するヒット製品となった。このような製品をコンスタントに開発していくことがSamsungの強さを本物にするためには必要だ。その一方では、新興市場で低価格なスマートフォンが販売台数を急速に増やしている。100ドルを切るスマートフォンは低所得者でも手軽に購入できる製品であり、Facebookなどのソーシャルサービスの普及は新興国でのスマートフォン人気を後押ししている。低価格スマートフォンはHuaweiやZTEに加え中国の新興メーカーも多数の製品を投入している。Samsungが販売数をさらに増やすためには新興市場にもスマートフォンを本格的に販売していく戦略を取るべきかもしれない。 新興市場でも中国メーカーを中心にスマートフォンブームが到来 今年中にはAppleから新しいiPhoneが発表される予定だが、それに匹敵するだけの新製品の開発も必須である。スマートフォンで世界1位になったといっても、その地位は決して安泰のものではない。2012年も昨年の好調を維持できるかどうか、Samsungの動向には市場が大きく注目している。山根康宏著者サイト「山根康宏WEBサイト」■ITライフハック■【世界のモバイル】の記事をもっとみる・2012年の注目スマホメーカーはここだ！ソニエリ・LG・モトローラも危うい？・iPhone5はドコモから発売されるか！世界から見た日本のモバイル市場・米国でもSIMロックフリーiPhone開始！孤立する日本は変わるのか・掟破りのSIM2枚挿しスマホ！ポストネットブックで加速するタブレットの最新モバイル事情	it-life-hack
官民連携で進化するセキュリティ人材の発掘・育成 【役立つセキュリティ】	楽天株式会社でシステムセキュリティグループ　マネージャー、Rakuten-CERTを務める福本 佳成氏が　IPA（独立行政法人情報処理推進機構）が主宰している「セキュリティ・キャンプ実施協議会」の設立総会に出席、セキュリティエンジニアの人材育成に対する想いを伝えています。このセキュリティ・キャンプは、官民連携による若年層セキュリティ人材の発掘・育成を担う体制を構築するために発起されたもので、総会は、情報セキュリティ月間である2月の22日に行われました。発起人は、サイボウズ株式会社、ソニー株式会社、CompTIA、エヌ・ティ・ティコミュニケーションズ株式会社、株式会社ラック、株式会社三菱総合研究所、株式会社エヌ・ティ・ティ・データ。（50音順、敬称略）以下、同氏による記事の抜粋です：今日、セキュリティ・キャンプ実施協議会の設立総会に参加してきました！近年、インターネットセキュリティの重要性はますます増していて、ユーザー企業においてもセキュリティエンジニアの採用は非常に困難な状況になっています。ですので、IPAさんのセキュリティ&プログラミングキャンプはもっと頑張って欲しいなあと思っていたのですが、今年から産官学オールジャパンで若年層のセキュリティ人材育成を強化するということなので、微力ながら楽天株式会社も協賛企業としてご支援させて頂くことにしました。僕たちはセキュリティエンジニアを目指す人たちを応援しています！！…続きを読む■エフセキュアブログを読む■エフセキュア公式ページ■本当に役立つセキュリティの記事をもっとみる・米テレビ番組がiPhone工場に潜入！・Macの次期OS「Mountain Lion」の真の狙いとは？・ハッカー集団「Anonymous」がFBIの電話会議をリーク・Amazonのクラウドを悪用したFacebook詐欺・ハッカーがポーランド政府を攻撃エフセキュア インターネットセキュリティ 2012 3PC 3年版エフセキュア(2011-11-07)販売元：Amazon.co.jpクチコミを見る	it-life-hack
キンドルの3G回線は無料で使える！書籍購入以外にも使い放題【デジ通】	AmazonのKindle(キンドル)にはWi-Fi版とWi-Fiと3Gに対応したモデルがある。Wi-Fi版では自宅などにあるWi-Fiで通信できるが、Wi-Fiと3Gに対応したモデルでは携帯電話のデータ通信回線でも通信ができるようになる。日経新聞などの記事では、日本で販売されるKindleはドコモの3G回線を使うと報じているが、現在発売されているKindleでは、ユーザーがどこの回線を使用するかを気にする必要は無い。■回線契約などは必要なしで使えるKindleの3G回線Amazonの電子インクを利用した電子ブックリーダーのKindleは、Wi-Fiや3G回線を経由して直接本を購入できる。これ以外にもExperimental(実験)としてWebブラウザーなどもあり、Webサイトを見ることも可能だ。3G回線を使用したデータ通信の通信料はAmazonが負担している。ユーザーは通信会社と契約などをすること無く、3G版のKindle購入したらAmazonのアカウント設定など最低限の設定だけで、書籍をいつでもどこでも購入できるようになる。通信会社との契約をしないので、ユーザーがどこかの通信会社へ料金を払う必要は一切無い。当然ながら、本を購入しなければKindleのハードウェア購入費用以外にコストがかかることも無い。もちろん、電気は必要なので充電すれば電気代はかかるが、E-Inkは消費電力も低いのでその充電コストも非常に低い。■通信料金もそれほど高くない通常、書籍の文字数は日本語で10万文字前後だ。1文字2バイトとして、20万バイト。つまり0.2MBということになる。Kindleは独自のフォーマットを使用しているがKindle Format 7までは、Mobipocketをベースにしたオリジナルフォーマットを使用していた。今後使われるKindle Format 8ではさらにリッチな表現が可能になるが、これらのタグや画像を含めても、本にもよるが本1冊分の容量は1MB程度だ。ドコモの従量制料金で最も安いのが1パケットあたり0.0126円。1パケット128バイトなので、1MBは約8200パケットとなる。この時の料金は約103円。Amazon.comでは書籍を1,000円程度で販売しているので、単純計算で10分の1が通信料となる。Wi-Fiで購入する人もおり、一般向けの料金体系がそのまま使われているわけではなく、Amazon自体が支払う通信料はさらに安くなるだろう。Webブラウザ機能などもあり、使われれば使われるほどAmazonのコスト負担は増えるが、電子インクでのWebブラウズは使い勝手がよくないので、あまり使われることも無いだろう。上倉賢 @kamikura [digi2(デジ通)] digi2は「デジタル通」の略です。現在のデジタル機器は使いこなしが難しくなっています。皆さんがデジタル機器の「通」に近づくための情報を、皆さんよりすこし通な執筆陣が提供します。■ITライフハックTwitter■デジ通の記事をもっと見る・取りつけは簡単だが、いきなりトラブル！インテル SSD 520をMacに装着 (中)・知らない人は宝の持ち腐れ！隠し機能を利用できる神アプリを解説 - Mac必須アプリ (4)・プレミアムなUltrabookが登場！ガラスを多用したノートパソコン・高品質なレッツノートの工場！開発現場並みの検査施設【キヤノン純正インク】キャノンインクタンク 5色マルチパック BCI-321+320/5MPキヤノン販売元：Amazon.co.jpクチコミを見る	it-life-hack
